<?xml version="1.0" encoding="UTF-8"?>
<jcr:root xmlns:sling="http://sling.apache.org/jcr/sling/1.0" xmlns:cq="http://www.day.com/jcr/cq/1.0" xmlns:jcr="http://www.jcp.org/jcr/1.0" xmlns:nt="http://www.jcp.org/jcr/nt/1.0"
    jcr:primaryType="nt:unstructured"
    jcr:title="Custom Heading"
    sling:resourceType="cq/gui/components/authoring/dialog">
    <content
        jcr:primaryType="nt:unstructured"
        sling:resourceType="granite/ui/components/coral/foundation/container">
        <items jcr:primaryType="nt:unstructured">
            <tabs
                jcr:primaryType="nt:unstructured"
                sling:resourceType="granite/ui/components/coral/foundation/tabs"
                maximized="{Boolean}true">
                <items jcr:primaryType="nt:unstructured">
                    <general
                        jcr:primaryType="nt:unstructured"
                        jcr:title="General"
                        sling:resourceType="granite/ui/components/coral/foundation/container"
                        margin="{Boolean}true">
                        <items jcr:primaryType="nt:unstructured">
                            <columns
                                jcr:primaryType="nt:unstructured"
                                sling:resourceType="granite/ui/components/coral/foundation/fixedcolumns"
                                margin="{Boolean}true">
                                <items jcr:primaryType="nt:unstructured">
                                    <column
                                        jcr:primaryType="nt:unstructured"
                                        sling:resourceType="granite/ui/components/coral/foundation/container">
                                        <items jcr:primaryType="nt:unstructured">
                                            <heading
                                                jcr:primaryType="nt:unstructured"
                                                sling:resourceType="granite/ui/components/coral/foundation/form/textfield"
                                                fieldLabel="Heading"
                                                name="./heading"
                                                required="{Boolean}true"/>
                                            <heading-type
                                                jcr:primaryType="nt:unstructured"
                                                sling:resourceType="granite/ui/components/coral/foundation/form/select"
                                                fieldLabel="Heading Type"
                                                name="./headingType">
                                                <items jcr:primaryType="nt:unstructured">
                                                    <h1
                                                        jcr:primaryType="nt:unstructured"
                                                        text="H1"
                                                        value="h1"/>
                                                    <h2
                                                        jcr:primaryType="nt:unstructured"
                                                        text="H2"
                                                        value="h2"/>
                                                    <h3
                                                        jcr:primaryType="nt:unstructured"
                                                        text="H3"
                                                        value="h3"/>
                                                </items>
                                            </heading-type>
                                            <heading-color
                                                jcr:primaryType="nt:unstructured"
                                                sling:resourceType="granite/ui/components/coral/foundation/form/select"
                                                fieldLabel="Heading Color"
                                                name="./headingColor">
                                                <items jcr:primaryType="nt:unstructured">
                                                    <red
                                                        jcr:primaryType="nt:unstructured"
                                                        text="Red"
                                                        value="red-color"/>
                                                    <green
                                                        jcr:primaryType="nt:unstructured"
                                                        text="Green"
                                                        value="green-color"/>
                                                    <blue
                                                        jcr:primaryType="nt:unstructured"
                                                        text="Blue"
                                                        value="blue-color"/>
                                                </items>
                                            </heading-color>
                                        </items>
                                    </column>
                                </items>
                            </columns>
                        </items>
                    </general>
                </items>
            </tabs>
        </items>
    </content>
</jcr:root>
